{
  "run": "20260611_012951",
  "dataset": "iemocap",
  "epochs": 60,
  "hidden": 256,
  "best_val": {
    "wf1": 0.7366726055184423,
    "epoch": 15,
    "test_acc": 0.6814540973505854,
    "test_wf1": 0.6850663090516189,
    "test_mf1": 0.6720297230493776
  },
  "best_test": {
    "wf1": 0.7054755008112663,
    "epoch": 25,
    "val_wf1": 0.7053662965568065,
    "test_acc": 0.7030191004313001,
    "test_mf1": 0.6913573893736104
  },
  "final_test": {
    "acc": 0.6814540973505854,
    "wF1": 0.6850663090516189,
    "mF1": 0.6720297230493776,
    "per_class": {
      "hap": {
        "precision": 0.441747572815534,
        "recall": 0.6319444444444444,
        "f1-score": 0.52,
        "support": 144.0
      },
      "sad": {
        "precision": 0.8290598290598291,
        "recall": 0.7918367346938775,
        "f1-score": 0.8100208768267223,
        "support": 245.0
      },
      "neu": {
        "precision": 0.6714285714285714,
        "recall": 0.734375,
        "f1-score": 0.7014925373134329,
        "support": 384.0
      },
      "ang": {
        "precision": 0.632768361581921,
        "recall": 0.6588235294117647,
        "f1-score": 0.6455331412103746,
        "support": 170.0
      },
      "exc": {
        "precision": 0.8248847926267281,
        "recall": 0.5986622073578596,
        "f1-score": 0.6937984496124031,
        "support": 299.0
      },
      "fru": {
        "precision": 0.6720867208672087,
        "recall": 0.6509186351706037,
        "f1-score": 0.6613333333333333,
        "support": 381.0
      }
    }
  }
}